6,2,300,[32],1e-05,128,0.6545292139053345,5.259699399893426,5.259699399893426,5.259699399893426,-0.6364041566848755,3.9687660293032163,3.9687660293032163,3.9687660293032163
6,2,300,[32],1e-05,256,0.6535293459892273,5.258699531977319,5.258699531977319,5.258699531977319,-0.6359694004058838,3.969200785582208,3.969200785582208,3.969200785582208
6,2,300,[32],1e-05,512,0.6540132761001587,5.2591834620882505,5.2591834620882505,5.2591834620882505,-0.6362305879592896,3.9689395980288023,3.9689395980288023,3.9689395980288023
6,2,300,[32],3e-05,128,0.7523343563079834,5.357504542296075,5.357504542296075,5.357504542296075,-0.4939800500869751,4.111190135901117,4.111190135901117,4.111190135901117
6,2,300,[32],3e-05,256,0.749228835105896,5.354399021093988,5.354399021093988,5.354399021093988,-0.4927437901496887,4.112426395838403,4.112426395838403,4.112426395838403
6,2,300,[32],3e-05,512,0.7507051825523376,5.3558753685404294,5.3558753685404294,5.3558753685404294,-0.4935722351074219,4.11159795088067,4.11159795088067,4.11159795088067
6,2,300,[32],0.0001,128,1.0592628717422485,5.66443305773034,5.66443305773034,5.66443305773034,-0.051128700375556946,4.554041485612535,4.554041485612535,4.554041485612535
6,2,300,[32],0.0001,256,1.046030879020691,5.651201065008783,5.651201065008783,5.651201065008783,-0.04729768633842468,4.557872499649667,4.557872499649667,4.557872499649667
6,2,300,[32],0.0001,512,1.0508861541748047,5.6560563401628965,5.6560563401628965,5.6560563401628965,-0.05024302750825882,4.554927158479833,4.554927158479833,4.554927158479833
6,2,300,[32],0.001,128,8.870043754577637,13.475213940565729,13.475213940565729,13.475213940565729,4.2334089279174805,8.838579113905572,8.838579113905572,8.838579113905572
6,2,300,[32],0.001,256,8.100211143493652,12.705381329481744,12.705381329481744,12.705381329481744,4.804289817810059,9.40946000379815,9.40946000379815,9.40946000379815
6,2,300,[32],0.001,512,7.859313011169434,12.464483197157525,12.464483197157525,12.464483197157525,4.9658708572387695,9.571041043226861,9.571041043226861,9.571041043226861
6,2,300,[64],1e-05,128,0.11662331223487854,4.72179349822297,4.72179349822297,4.72179349822297,0.12059682607650757,4.725767012064599,4.725767012064599,4.725767012064599
6,2,300,[64],1e-05,256,0.11574609577655792,4.72091628176465,4.72091628176465,4.72091628176465,0.12128846347332001,4.726458649461412,4.726458649461412,4.726458649461412
6,2,300,[64],1e-05,512,0.11608496308326721,4.721255149071359,4.721255149071359,4.721255149071359,0.1207939088344574,4.725964094822549,4.725964094822549,4.725964094822549
6,2,300,[64],3e-05,128,0.3387739956378937,4.9439441816259855,4.9439441816259855,4.9439441816259855,0.33071327209472656,4.935883458082818,4.935883458082818,4.935883458082818
6,2,300,[64],3e-05,256,0.33589306473731995,4.941063250725412,4.941063250725412,4.941063250725412,0.3327590227127075,4.937929208700799,4.937929208700799,4.937929208700799
6,2,300,[64],3e-05,512,0.33709490299224854,4.94226508898034,4.94226508898034,4.94226508898034,0.3313744068145752,4.936544592802667,4.936544592802667,4.936544592802667
6,2,300,[64],0.0001,128,0.937556266784668,5.54272645277276,5.54272645277276,5.54272645277276,0.8780683279037476,5.483238513891839,5.483238513891839,5.483238513891839
6,2,300,[64],0.0001,256,0.9234851598739624,5.528655345862054,5.528655345862054,5.528655345862054,0.8827626705169678,5.48793285650506,5.48793285650506,5.48793285650506
6,2,300,[64],0.0001,512,0.9282574653625488,5.533427651350641,5.533427651350641,5.533427651350641,0.8795840740203857,5.4847542600084775,5.4847542600084775,5.4847542600084775
6,2,300,[64],0.001,128,17.460371017456055,22.06554120344415,22.06554120344415,22.06554120344415,14.367515563964844,18.972685749952937,18.972685749952937,18.972685749952937
6,2,300,[64],0.001,256,16.62383270263672,21.229002888624812,21.229002888624812,21.229002888624812,15.748638153076172,20.353808339064265,20.353808339064265,20.353808339064265
6,2,300,[64],0.001,512,16.766925811767578,21.37209599775567,21.37209599775567,21.37209599775567,16.666833877563477,21.27200406355157,21.27200406355157,21.27200406355157
6,2,300,[128],1e-05,128,-0.46748781204223633,4.1376823739458555,4.1376823739458555,4.1376823739458555,0.7630820274353027,5.3682522134233945,5.3682522134233945,5.3682522134233945
6,2,300,[128],1e-05,256,-0.46560990810394287,4.139560277884149,4.139560277884149,4.139560277884149,0.7646304368972778,5.36980062288537,5.36980062288537,5.36980062288537
6,2,300,[128],1e-05,512,-0.4652838706970215,4.13988631529107,4.13988631529107,4.13988631529107,0.7646100521087646,5.3697802380968565,5.3697802380968565,5.3697802380968565
6,2,300,[128],3e-05,128,0.06729697436094284,4.672467160349035,4.672467160349035,4.672467160349035,1.0448882579803467,5.6500584439684385,5.6500584439684385,5.6500584439684385
6,2,300,[128],3e-05,256,0.06876800954341888,4.673938195531511,4.673938195531511,4.673938195531511,1.0487233400344849,5.653893526022577,5.653893526022577,5.653893526022577
6,2,300,[128],3e-05,512,0.07070892304182053,4.675879109029912,4.675879109029912,4.675879109029912,1.0485384464263916,5.653708632414483,5.653708632414483,5.653708632414483
6,2,300,[128],0.0001,128,1.1875596046447754,5.792729790632867,5.792729790632867,5.792729790632867,1.8876862525939941,6.492856438582086,6.492856438582086,6.492856438582086
6,2,300,[128],0.0001,256,1.1650168895721436,5.770187075560235,5.770187075560235,5.770187075560235,1.9561517238616943,6.561321909849786,6.561321909849786,6.561321909849786
6,2,300,[128],0.0001,512,1.1727410554885864,5.777911241476678,5.777911241476678,5.777911241476678,1.9816908836364746,6.586861069624566,6.586861069624566,6.586861069624566
6,2,300,[128],0.001,128,39.39324951171875,43.998419697706844,43.998419697706844,43.998419697706844,37.75234603881836,42.35751622480645,42.35751622480645,42.35751622480645
6,2,300,[128],0.001,256,38.402435302734375,43.00760548872247,43.00760548872247,43.00760548872247,40.34003448486328,44.945204670851375,44.945204670851375,44.945204670851375
6,2,300,[128],0.001,512,39.722557067871094,44.32772725385919,44.32772725385919,44.32772725385919,41.8196907043457,46.4248608903338,46.4248608903338,46.4248608903338
6,2,300,"[128, 128]",1e-05,128,4.142422676086426,8.747592862074518,8.747592862074518,8.747592862074518,-0.872172474861145,3.732997711126947,3.732997711126947,3.732997711126947
6,2,300,"[128, 128]",1e-05,256,3.967193365097046,8.572363551085138,8.572363551085138,8.572363551085138,-0.8585917949676514,3.7465783910204404,3.7465783910204404,3.7465783910204404
6,2,300,"[128, 128]",1e-05,512,4.092529296875,8.697699482863092,8.697699482863092,8.697699482863092,-0.8807611465454102,3.7244090394426816,3.7244090394426816,3.7244090394426816
6,2,300,"[128, 128]",3e-05,128,9.161149978637695,13.766320164625787,13.766320164625787,13.766320164625787,1.2305917739868164,5.835761959974908,5.835761959974908,5.835761959974908
6,2,300,"[128, 128]",3e-05,256,9.053954124450684,13.659124310438775,13.659124310438775,13.659124310438775,1.2288284301757812,5.833998616163873,5.833998616163873,5.833998616163873
6,2,300,"[128, 128]",3e-05,512,9.793686866760254,14.398857052748346,14.398857052748346,14.398857052748346,1.199897050857544,5.805067236845636,5.805067236845636,5.805067236845636
6,2,300,"[128, 128]",0.0001,128,28.2493953704834,32.85456555647149,32.85456555647149,32.85456555647149,14.710515975952148,19.315686161940242,19.315686161940242,19.315686161940242
6,2,300,"[128, 128]",0.0001,256,28.075401306152344,32.68057149214044,32.68057149214044,32.68057149214044,15.823098182678223,20.428268368666316,20.428268368666316,20.428268368666316
6,2,300,"[128, 128]",0.0001,512,30.273754119873047,34.87892430586114,34.87892430586114,34.87892430586114,16.30204963684082,20.907219822828914,20.907219822828914,20.907219822828914
6,2,300,"[128, 128]",0.001,128,1212.3341064453125,1216.9392766313006,1216.9392766313006,1216.9392766313006,945.4631958007812,950.0683659867693,950.0683659867693,950.0683659867693
6,2,300,"[128, 128]",0.001,256,1176.12158203125,1180.726752217238,1180.726752217238,1180.726752217238,1022.9450073242188,1027.5501775102068,1027.5501775102068,1027.5501775102068
6,2,300,"[128, 128]",0.001,512,1293.885986328125,1298.491156514113,1298.491156514113,1298.491156514113,1063.300048828125,1067.905219014113,1067.905219014113,1067.905219014113
6,2,300,[256],1e-05,128,-5.005376815795898,-0.40020662980780664,-0.40020662980780664,-0.40020662980780664,2.201176643371582,6.806346829359674,6.806346829359674,6.806346829359674
6,2,300,[256],1e-05,256,-4.952531814575195,-0.3473616285871035,-0.3473616285871035,-0.3473616285871035,2.207524538040161,6.812694724028253,6.812694724028253,6.812694724028253
6,2,300,[256],1e-05,512,-4.937290191650391,-0.3321200056622988,-0.3321200056622988,-0.3321200056622988,2.2223634719848633,6.827533657972955,6.827533657972955,6.827533657972955
6,2,300,[256],3e-05,128,-2.399031162261963,2.206139023726129,2.206139023726129,2.206139023726129,2.975909471511841,7.581079657499933,7.581079657499933,7.581079657499933
6,2,300,[256],3e-05,256,-2.3023226261138916,2.3028475598742,2.3028475598742,2.3028475598742,3.005661725997925,7.610831911986017,7.610831911986017,7.610831911986017
6,2,300,[256],3e-05,512,-2.292095899581909,2.3130742864061826,2.3130742864061826,2.3130742864061826,3.068291187286377,7.673461373274469,7.673461373274469,7.673461373274469
6,2,300,[256],0.0001,128,0.8759921789169312,5.481162364905023,5.481162364905023,5.481162364905023,6.818796634674072,11.423966820662164,11.423966820662164,11.423966820662164
6,2,300,[256],0.0001,256,0.8323099613189697,5.4374801473070615,5.4374801473070615,5.4374801473070615,6.942636966705322,11.547807152693414,11.547807152693414,11.547807152693414
6,2,300,[256],0.0001,512,0.7880051136016846,5.393175299589776,5.393175299589776,5.393175299589776,7.184940814971924,11.790111000960016,11.790111000960016,11.790111000960016
6,2,300,[256],0.001,128,70.22808837890625,74.83325856489434,74.83325856489434,74.83325856489434,79.77531433105469,84.38048451704277,84.38048451704277,84.38048451704277
6,2,300,[256],0.001,256,68.68966674804688,73.29483693403496,73.29483693403496,73.29483693403496,80.93385314941406,85.53902333540215,85.53902333540215,85.53902333540215
6,2,300,[256],0.001,512,67.96292114257812,72.56809132856621,72.56809132856621,72.56809132856621,82.44693756103516,87.05210774702324,87.05210774702324,87.05210774702324
6,2,300,"[256, 256]",1e-05,128,7.39057731628418,11.995747502272271,11.995747502272271,11.995747502272271,0.7673355340957642,5.372505720083856,5.372505720083856,5.372505720083856
6,2,300,"[256, 256]",1e-05,256,7.240029335021973,11.845199521010064,11.845199521010064,11.845199521010064,0.7706781625747681,5.37584834856286,5.37584834856286,5.37584834856286
6,2,300,"[256, 256]",1e-05,512,7.815849304199219,12.42101949018731,12.42101949018731,12.42101949018731,0.7411913871765137,5.3463615731646055,5.3463615731646055,5.3463615731646055
6,2,300,"[256, 256]",3e-05,128,18.374570846557617,22.97974103254571,22.97974103254571,22.97974103254571,6.134002685546875,10.739172871534967,10.739172871534967,10.739172871534967
6,2,300,"[256, 256]",3e-05,256,18.32155418395996,22.926724369948055,22.926724369948055,22.926724369948055,6.772883415222168,11.37805360121026,11.37805360121026,11.37805360121026
6,2,300,"[256, 256]",3e-05,512,19.67732048034668,24.282490666334773,24.282490666334773,24.282490666334773,6.811193466186523,11.416363652174615,11.416363652174615,11.416363652174615
6,2,300,"[256, 256]",0.0001,128,63.361297607421875,67.96646779340996,67.96646779340996,67.96646779340996,41.71255111694336,46.31772130293145,46.31772130293145,46.31772130293145
6,2,300,"[256, 256]",0.0001,256,62.047752380371094,66.65292256635918,66.65292256635918,66.65292256635918,44.6114616394043,49.21663182539239,49.21663182539239,49.21663182539239
6,2,300,"[256, 256]",0.0001,512,66.86577606201172,71.4709462479998,71.4709462479998,71.4709462479998,45.80213165283203,50.407301838820125,50.407301838820125,50.407301838820125
6,2,300,"[256, 256]",0.001,128,3755.226806640625,3759.8319768266133,3759.8319768266133,3759.8319768266133,2838.714599609375,2843.3197697953633,2843.3197697953633,2843.3197697953633
6,2,300,"[256, 256]",0.001,256,3658.890869140625,3663.4960393266133,3663.4960393266133,3663.4960393266133,3021.848388671875,3026.4535588578633,3026.4535588578633,3026.4535588578633
6,2,300,"[256, 256]",0.001,512,4008.0498046875,4012.6549748734883,4012.6549748734883,4012.6549748734883,3151.995849609375,3156.6010197953633,3156.6010197953633,3156.6010197953633
6,2,300,"[512, 256]",1e-05,128,14.231034278869629,18.836204464857722,18.836204464857722,18.836204464857722,3.2400574684143066,7.845227654402398,7.845227654402398,7.845227654402398
6,2,300,"[512, 256]",1e-05,256,14.192052841186523,18.797223027174617,18.797223027174617,18.797223027174617,3.4677655696868896,8.072935755674981,8.072935755674981,8.072935755674981
6,2,300,"[512, 256]",1e-05,512,15.256416320800781,19.861586506788875,19.861586506788875,19.861586506788875,3.4264564514160156,8.031626637404107,8.031626637404107,8.031626637404107
6,2,300,"[512, 256]",3e-05,128,36.11767578125,40.722845967238094,40.722845967238094,40.722845967238094,20.678417205810547,25.28358739179864,25.28358739179864,25.28358739179864
6,2,300,"[512, 256]",3e-05,256,35.70978927612305,40.31495946211114,40.31495946211114,40.31495946211114,21.959760665893555,26.56493085188165,26.56493085188165,26.56493085188165
6,2,300,"[512, 256]",3e-05,512,37.95195388793945,42.55712407392755,42.55712407392755,42.55712407392755,22.55481719970703,27.159987385695125,27.159987385695125,27.159987385695125
6,2,300,"[512, 256]",0.0001,128,133.57537841796875,138.18054860395685,138.18054860395685,138.18054860395685,88.7442626953125,93.34943288130059,93.34943288130059,93.34943288130059
6,2,300,"[512, 256]",0.0001,256,128.9662628173828,133.5714330033709,133.5714330033709,133.5714330033709,94.80197143554688,99.40714162153496,99.40714162153496,99.40714162153496
6,2,300,"[512, 256]",0.0001,512,139.14608764648438,143.75125783247248,143.75125783247248,143.75125783247248,97.29766845703125,101.90283864301934,101.90283864301934,101.90283864301934
6,2,300,"[512, 256]",0.001,128,8021.95263671875,8026.557806904738,8026.557806904738,8026.557806904738,6148.2080078125,6152.813177998488,6152.813177998488,6152.813177998488
6,2,300,"[512, 256]",0.001,256,7926.1875,7930.792670185988,7930.792670185988,7930.792670185988,6630.5673828125,6635.172552998488,6635.172552998488,6635.172552998488
6,2,300,"[512, 256]",0.001,512,8656.70703125,8661.312201435989,8661.312201435989,8661.312201435989,6831.1142578125,6835.719427998488,6835.719427998488,6835.719427998488
6,2,600,[32],1e-05,128,0.7033180594444275,5.308488245432519,5.308488245432519,5.308488245432519,-0.5650251507759094,4.040145035212182,4.040145035212182,4.040145035212182
6,2,600,[32],1e-05,256,0.7026206254959106,5.3077908114840024,5.3077908114840024,5.3077908114840024,-0.5638889670372009,4.041281218950891,4.041281218950891,4.041281218950891
6,2,600,[32],1e-05,512,0.7029507160186768,5.308120902006769,5.308120902006769,5.308120902006769,-0.5638683438301086,4.041301842157983,4.041301842157983,4.041301842157983
6,2,600,[32],3e-05,128,0.8863133192062378,5.49148350519433,5.49148350519433,5.49148350519433,-0.2962222397327423,4.3089479462553495,4.3089479462553495,4.3089479462553495
6,2,600,[32],3e-05,256,0.8845053911209106,5.4896755771090024,5.4896755771090024,5.4896755771090024,-0.2936337888240814,4.31153639716401,4.31153639716401,4.31153639716401
6,2,600,[32],3e-05,512,0.8850481510162354,5.490218337004327,5.490218337004327,5.490218337004327,-0.2936365604400635,4.311533625548028,4.311533625548028,4.311533625548028
6,2,600,[32],0.0001,128,1.4302181005477905,6.035388286535882,6.035388286535882,6.035388286535882,0.45091938972473145,5.056089575712823,5.056089575712823,5.056089575712823
6,2,600,[32],0.0001,256,1.4154937267303467,6.0206639127184385,6.0206639127184385,6.0206639127184385,0.4538455009460449,5.059015686934137,5.059015686934137,5.059015686934137
6,2,600,[32],0.0001,512,1.40886652469635,6.014036710684442,6.014036710684442,6.014036710684442,0.4527839422225952,5.057954128210687,5.057954128210687,5.057954128210687
6,2,600,[32],0.001,128,26.48149299621582,31.086663182203914,31.086663182203914,31.086663182203914,19.930368423461914,24.535538609450008,24.535538609450008,24.535538609450008
6,2,600,[32],0.001,256,27.156368255615234,31.761538441603328,31.761538441603328,31.761538441603328,21.41530990600586,26.020480091993953,26.020480091993953,26.020480091993953
6,2,600,[32],0.001,512,28.746292114257812,33.351462300245906,33.351462300245906,33.351462300245906,22.75834083557129,27.363511021559383,27.363511021559383,27.363511021559383
6,2,600,[64],1e-05,128,0.23059609532356262,4.835766281311654,4.835766281311654,4.835766281311654,0.2286539077758789,4.833824093763971,4.833824093763971,4.833824093763971
6,2,600,[64],1e-05,256,0.22958844900131226,4.834758634989404,4.834758634989404,4.834758634989404,0.22923076152801514,4.834400947516107,4.834400947516107,4.834400947516107
6,2,600,[64],1e-05,512,0.23010873794555664,4.835278923933648,4.835278923933648,4.835278923933648,0.22922036051750183,4.834390546505594,4.834390546505594,4.834390546505594
6,2,600,[64],3e-05,128,0.6193984746932983,5.22456866068139,5.22456866068139,5.22456866068139,0.5986354351043701,5.203805621092462,5.203805621092462,5.203805621092462
6,2,600,[64],3e-05,256,0.6171362996101379,5.22230648559823,5.22230648559823,5.22230648559823,0.5990486145019531,5.204218800490045,5.204218800490045,5.204218800490045
6,2,600,[64],3e-05,512,0.6178118586540222,5.222982044642114,5.222982044642114,5.222982044642114,0.5984090566635132,5.203579242651605,5.203579242651605,5.203579242651605
6,2,600,[64],0.0001,128,1.5584931373596191,6.163663323347711,6.163663323347711,6.163663323347711,1.3767850399017334,5.981955225889825,5.981955225889825,5.981955225889825
6,2,600,[64],0.0001,256,1.5263776779174805,6.131547863905572,6.131547863905572,6.131547863905572,1.368105173110962,5.973275359099054,5.973275359099054,5.973275359099054
6,2,600,[64],0.0001,512,1.5062251091003418,6.111395295088434,6.111395295088434,6.111395295088434,1.3576304912567139,5.962800677244806,5.962800677244806,5.962800677244806
6,2,600,[64],0.001,128,49.86840057373047,54.47357075971856,54.47357075971856,54.47357075971856,43.92729568481445,48.53246587080255,48.53246587080255,48.53246587080255
6,2,600,[64],0.001,256,50.82028579711914,55.425455983107234,55.425455983107234,55.425455983107234,46.33993911743164,50.945109303419734,50.945109303419734,50.945109303419734
6,2,600,[64],0.001,512,53.64669418334961,58.2518643693377,58.2518643693377,58.2518643693377,48.84023666381836,53.44540684980645,53.44540684980645,53.44540684980645
6,2,600,[128],1e-05,128,-0.18216413259506226,4.4230060533930295,4.4230060533930295,4.4230060533930295,0.9169496297836304,5.522119815771722,5.522119815771722,5.522119815771722
6,2,600,[128],1e-05,256,-0.18171614408493042,4.423454041903161,4.423454041903161,4.423454041903161,0.9167578220367432,5.521928008024835,5.521928008024835,5.521928008024835
6,2,600,[128],1e-05,512,-0.18079450726509094,4.424375678723001,4.424375678723001,4.424375678723001,0.9167766571044922,5.521946843092584,5.521946843092584,5.521946843092584
6,2,600,[128],3e-05,128,0.638796865940094,5.243967051928186,5.243967051928186,5.243967051928186,1.3800194263458252,5.985189612333917,5.985189612333917,5.985189612333917
6,2,600,[128],3e-05,256,0.6404745578765869,5.245644743864679,5.245644743864679,5.245644743864679,1.378713846206665,5.983884032194757,5.983884032194757,5.983884032194757
6,2,600,[128],3e-05,512,0.6415088772773743,5.246679063265466,5.246679063265466,5.246679063265466,1.3760874271392822,5.981257613127374,5.981257613127374,5.981257613127374
6,2,600,[128],0.0001,128,2.476250410079956,7.081420596068048,7.081420596068048,7.081420596068048,4.465376853942871,9.070547039930963,9.070547039930963,9.070547039930963
6,2,600,[128],0.0001,256,2.27174711227417,6.876917298262262,6.876917298262262,6.876917298262262,4.786850452423096,9.392020638411188,9.392020638411188,9.392020638411188
6,2,600,[128],0.0001,512,2.1123557090759277,6.7175258950640195,6.7175258950640195,6.7175258950640195,5.148150444030762,9.753320630018854,9.753320630018854,9.753320630018854
6,2,600,[128],0.001,128,108.83055114746094,113.43572133344902,113.43572133344902,113.43572133344902,103.3455581665039,107.95072835249199,107.95072835249199,107.95072835249199
6,2,600,[128],0.001,256,110.35697174072266,114.96214192671074,114.96214192671074,114.96214192671074,107.89308166503906,112.49825185102715,112.49825185102715,112.49825185102715
6,2,600,[128],0.001,512,116.2018051147461,120.80697530073418,120.80697530073418,120.80697530073418,112.15885162353516,116.76402180952324,116.76402180952324,116.76402180952324
6,2,600,"[128, 128]",1e-05,128,6.5777482986450195,11.182918484633111,11.182918484633111,11.182918484633111,0.557929515838623,5.163099701826715,5.163099701826715,5.163099701826715
6,2,600,"[128, 128]",1e-05,256,6.565147399902344,11.170317585890436,11.170317585890436,11.170317585890436,0.5594654083251953,5.164635594313287,5.164635594313287,5.164635594313287
6,2,600,"[128, 128]",1e-05,512,7.032362937927246,11.637533123915338,11.637533123915338,11.637533123915338,0.5428379774093628,5.148008163397455,5.148008163397455,5.148008163397455
6,2,600,"[128, 128]",3e-05,128,16.822978973388672,21.428149159376765,21.428149159376765,21.428149159376765,5.109814643859863,9.714984829847955,9.714984829847955,9.714984829847955
6,2,600,"[128, 128]",3e-05,256,17.1450138092041,21.750183995192195,21.750183995192195,21.750183995192195,5.405137538909912,10.010307724898004,10.010307724898004,10.010307724898004
6,2,600,"[128, 128]",3e-05,512,18.462549209594727,23.06771939558282,23.06771939558282,23.06771939558282,5.538058280944824,10.143228466932916,10.143228466932916,10.143228466932916
6,2,600,"[128, 128]",0.0001,128,66.71747589111328,71.32264607710137,71.32264607710137,71.32264607710137,46.08481216430664,50.689982350294734,50.689982350294734,50.689982350294734
6,2,600,"[128, 128]",0.0001,256,67.93315124511719,72.53832143110527,72.53832143110527,72.53832143110527,48.39329528808594,52.99846547407403,52.99846547407403,52.99846547407403
6,2,600,"[128, 128]",0.0001,512,72.77852630615234,77.38369649214043,77.38369649214043,77.38369649214043,50.62592315673828,55.231093342726375,55.231093342726375,55.231093342726375
6,2,600,"[128, 128]",0.001,128,6377.29296875,6381.898138935988,6381.898138935988,6381.898138935988,5473.5888671875,5478.194037373488,5478.194037373488,5478.194037373488
6,2,600,"[128, 128]",0.001,256,6604.7109375,6609.316107685988,6609.316107685988,6609.316107685988,5716.5673828125,5721.172552998488,5721.172552998488,5721.172552998488
6,2,600,"[128, 128]",0.001,512,7149.31591796875,7153.921088154738,7153.921088154738,7153.921088154738,6097.1689453125,6101.774115498488,6101.774115498488,6101.774115498488
6,2,600,[256],1e-05,128,-3.596280336380005,1.008889849608087,1.008889849608087,1.008889849608087,2.5622971057891846,7.167467291777276,7.167467291777276,7.167467291777276
6,2,600,[256],1e-05,256,-3.5906107425689697,1.014559443419122,1.014559443419122,1.014559443419122,2.578099489212036,7.183269675200128,7.183269675200128,7.183269675200128
6,2,600,[256],1e-05,512,-3.547403573989868,1.0577666119982236,1.0577666119982236,1.0577666119982236,2.6153526306152344,7.220522816603326,7.220522816603326,7.220522816603326
6,2,600,[256],3e-05,128,-0.26974910497665405,4.335421081011438,4.335421081011438,4.335421081011438,4.475907325744629,9.08107751173272,9.08107751173272,9.08107751173272
6,2,600,[256],3e-05,256,-0.3215956687927246,4.283574517195367,4.283574517195367,4.283574517195367,4.550979137420654,9.156149323408746,9.156149323408746,9.156149323408746
6,2,600,[256],3e-05,512,-0.38016682863235474,4.225003357355737,4.225003357355737,4.225003357355737,4.705986022949219,9.31115620893731,9.31115620893731,9.31115620893731
6,2,600,[256],0.0001,128,2.6972861289978027,7.3024563149858945,7.3024563149858945,7.3024563149858945,13.347071647644043,17.952241833632137,17.952241833632137,17.952241833632137
6,2,600,[256],0.0001,256,2.3117995262145996,6.916969712202691,6.916969712202691,6.916969712202691,13.594451904296875,18.19962209028497,18.19962209028497,18.19962209028497
6,2,600,[256],0.0001,512,2.038346529006958,6.64351671499505,6.64351671499505,6.64351671499505,14.063698768615723,18.668868954603816,18.668868954603816,18.668868954603816
6,2,600,[256],0.001,128,204.39321899414062,208.99838918012873,208.99838918012873,208.99838918012873,207.63345336914062,212.23862355512873,212.23862355512873,212.23862355512873
6,2,600,[256],0.001,256,207.154541015625,211.7597112016131,211.7597112016131,211.7597112016131,210.99693298339844,215.60210316938654,215.60210316938654,215.60210316938654
6,2,600,[256],0.001,512,211.3853759765625,215.9905461625506,215.9905461625506,215.9905461625506,217.24485778808594,221.85002797407404,221.85002797407404,221.85002797407404
6,2,600,"[256, 256]",1e-05,128,12.909791946411133,17.514962132399226,17.514962132399226,17.514962132399226,2.3129756450653076,6.918145831053399,6.918145831053399,6.918145831053399
6,2,600,"[256, 256]",1e-05,256,13.115549087524414,17.720719273512508,17.720719273512508,17.720719273512508,2.3045501708984375,6.909720356886529,6.909720356886529,6.909720356886529
6,2,600,"[256, 256]",1e-05,512,14.08492374420166,18.690093930189754,18.690093930189754,18.690093930189754,2.1917622089385986,6.79693239492669,6.79693239492669,6.79693239492669
6,2,600,"[256, 256]",3e-05,128,35.6260986328125,40.231268818800594,40.231268818800594,40.231268818800594,21.339635848999023,25.944806034987117,25.944806034987117,25.944806034987117
6,2,600,"[256, 256]",3e-05,256,36.17381286621094,40.77898305219903,40.77898305219903,40.77898305219903,22.385391235351562,26.990561421339656,26.990561421339656,26.990561421339656
6,2,600,"[256, 256]",3e-05,512,38.444339752197266,43.04950993818536,43.04950993818536,43.04950993818536,23.184030532836914,27.789200718825008,27.789200718825008,27.789200718825008
6,2,600,"[256, 256]",0.0001,128,168.49049377441406,173.09566396040216,173.09566396040216,173.09566396040216,123.72906494140625,128.33423512739435,128.33423512739435,128.33423512739435
6,2,600,"[256, 256]",0.0001,256,170.30410766601562,174.90927785200373,174.90927785200373,174.90927785200373,129.4709930419922,134.0761632279803,134.0761632279803,134.0761632279803
6,2,600,"[256, 256]",0.0001,512,182.2423553466797,186.8475255326678,186.8475255326678,186.8475255326678,134.78253173828125,139.38770192426935,139.38770192426935,139.38770192426935
6,2,600,"[256, 256]",0.001,128,20385.37890625,20389.984076435987,20389.984076435987,20389.984076435987,16584.1484375,16588.753607685987,16588.753607685987,16588.753607685987
6,2,600,"[256, 256]",0.001,256,21231.830078125,21236.435248310987,21236.435248310987,21236.435248310987,17395.625,17400.230170185987,17400.230170185987,17400.230170185987
6,2,600,"[256, 256]",0.001,512,22759.36328125,22763.968451435987,22763.968451435987,22763.968451435987,18427.15625,18431.761420185987,18431.761420185987,18431.761420185987
6,2,600,"[512, 256]",1e-05,128,25.296829223632812,29.901999409620906,29.901999409620906,29.901999409620906,12.5458345413208,17.151004727308894,17.151004727308894,17.151004727308894
6,2,600,"[512, 256]",1e-05,256,25.679166793823242,30.284336979811336,30.284336979811336,30.284336979811336,13.16546630859375,17.770636494581844,17.770636494581844,17.770636494581844
6,2,600,"[512, 256]",1e-05,512,27.156763076782227,31.76193326277032,31.76193326277032,31.76193326277032,13.706886291503906,18.312056477492,18.312056477492,18.312056477492
6,2,600,"[512, 256]",3e-05,128,71.86311340332031,76.4682835893084,76.4682835893084,76.4682835893084,47.198707580566406,51.8038777665545,51.8038777665545,51.8038777665545
6,2,600,"[512, 256]",3e-05,256,72.42015838623047,77.02532857221856,77.02532857221856,77.02532857221856,49.098087310791016,53.70325749677911,53.70325749677911,53.70325749677911
6,2,600,"[512, 256]",3e-05,512,76.4556884765625,81.06085866255059,81.06085866255059,81.06085866255059,50.770477294921875,55.37564748090997,55.37564748090997,55.37564748090997
6,2,600,"[512, 256]",0.0001,128,365.45855712890625,370.0637273148943,370.0637273148943,370.0637273148943,268.4352722167969,273.04044240278495,273.04044240278495,273.04044240278495
6,2,600,"[512, 256]",0.0001,256,366.7628173828125,371.3679875688006,371.3679875688006,371.3679875688006,280.8687744140625,285.4739446000506,285.4739446000506,285.4739446000506
6,2,600,"[512, 256]",0.0001,512,391.31005859375,395.9152287797381,395.9152287797381,395.9152287797381,291.8448181152344,296.44998830122245,296.44998830122245,296.44998830122245
6,2,600,"[512, 256]",0.001,128,43526.96484375,43531.57001393599,43531.57001393599,43531.57001393599,36520.375,36524.98017018599,36524.98017018599,36524.98017018599
6,2,600,"[512, 256]",0.001,256,45877.9453125,45882.55048268599,45882.55048268599,45882.55048268599,38211.421875,38216.02704518599,38216.02704518599,38216.02704518599
6,2,600,"[512, 256]",0.001,512,50027.91796875,50032.52313893599,50032.52313893599,50032.52313893599,40697.390625,40701.99579518599,40701.99579518599,40701.99579518599
6,2,1000,[32],1e-05,128,0.797276496887207,5.402446682875299,5.402446682875299,5.402446682875299,-0.4268127679824829,4.178357418005609,4.178357418005609,4.178357418005609
6,2,1000,[32],1e-05,256,0.7961114645004272,5.401281650488519,5.401281650488519,5.401281650488519,-0.4252103567123413,4.1799598292757505,4.1799598292757505,4.1799598292757505
6,2,1000,[32],1e-05,512,0.7972238063812256,5.402393992369317,5.402393992369317,5.402393992369317,-0.42533326148986816,4.179836924498224,4.179836924498224,4.179836924498224
6,2,1000,[32],3e-05,128,1.131891131401062,5.737061317389154,5.737061317389154,5.737061317389154,0.05805393308401108,4.663224119072103,4.663224119072103,4.663224119072103
6,2,1000,[32],3e-05,256,1.1250388622283936,5.730209048216485,5.730209048216485,5.730209048216485,0.061926983296871185,4.667097169284963,4.667097169284963,4.667097169284963
6,2,1000,[32],3e-05,512,1.127598762512207,5.732768948500299,5.732768948500299,5.732768948500299,0.06167443096637726,4.666844616954469,4.666844616954469,4.666844616954469
6,2,1000,[32],0.0001,128,2.3040852546691895,6.909255440657281,6.909255440657281,6.909255440657281,1.1030328273773193,5.708203013365411,5.708203013365411,5.708203013365411
6,2,1000,[32],0.0001,256,2.157266616821289,6.762436802809381,6.762436802809381,6.762436802809381,1.1082568168640137,5.7134270028521055,5.7134270028521055,5.7134270028521055
6,2,1000,[32],0.0001,512,2.076357364654541,6.681527550642633,6.681527550642633,6.681527550642633,1.0983760356903076,5.703546221678399,5.703546221678399,5.703546221678399
6,2,1000,[32],0.001,128,80.08643341064453,84.69160359663262,84.69160359663262,84.69160359663262,68.54508972167969,73.15025990766777,73.15025990766777,73.15025990766777
6,2,1000,[32],0.001,256,84.42015838623047,89.02532857221856,89.02532857221856,89.02532857221856,72.5484619140625,77.15363210005059,77.15363210005059,77.15363210005059
6,2,1000,[32],0.001,512,90.01313781738281,94.6183080033709,94.6183080033709,94.6183080033709,75.26570129394531,79.8708714799334,79.8708714799334,79.8708714799334
6,2,1000,[64],1e-05,128,0.4371500611305237,5.0423202471186155,5.0423202471186155,5.0423202471186155,0.4253603219985962,5.030530507986688,5.030530507986688,5.030530507986688
6,2,1000,[64],1e-05,256,0.43678128719329834,5.04195147318139,5.04195147318139,5.04195147318139,0.4271000623703003,5.032270248358392,5.032270248358392,5.032270248358392
6,2,1000,[64],1e-05,512,0.43750542402267456,5.042675610010766,5.042675610010766,5.042675610010766,0.4270116686820984,5.03218185467019,5.03218185467019,5.03218185467019
6,2,1000,[64],3e-05,128,1.0671371221542358,5.672307308142328,5.672307308142328,5.672307308142328,0.9921959638595581,5.59736614984765,5.59736614984765,5.59736614984765
6,2,1000,[64],3e-05,256,1.0580568313598633,5.663227017347955,5.663227017347955,5.663227017347955,0.9951478242874146,5.600318010275506,5.600318010275506,5.600318010275506
6,2,1000,[64],3e-05,512,1.0592318773269653,5.664402063315057,5.664402063315057,5.664402063315057,0.9907976388931274,5.595967824881219,5.595967824881219,5.595967824881219
6,2,1000,[64],0.0001,128,3.53973126411438,8.144901450102472,8.144901450102472,8.144901450102472,3.0941224098205566,7.699292595808648,7.699292595808648,7.699292595808648
6,2,1000,[64],0.0001,256,3.1009292602539062,7.706099446241998,7.706099446241998,7.706099446241998,3.2319819927215576,7.837152178709649,7.837152178709649,7.837152178709649
6,2,1000,[64],0.0001,512,2.7353286743164062,7.340498860304498,7.340498860304498,7.340498860304498,3.367887258529663,7.973057444517755,7.973057444517755,7.973057444517755
6,2,1000,[64],0.001,128,148.78956604003906,153.39473622602716,153.39473622602716,153.39473622602716,134.0681915283203,138.6733617143084,138.6733617143084,138.6733617143084
6,2,1000,[64],0.001,256,155.4871826171875,160.0923528031756,160.0923528031756,160.0923528031756,140.9739227294922,145.5790929154803,145.5790929154803,145.5790929154803
6,2,1000,[64],0.001,512,164.95513916015625,169.56030934614435,169.56030934614435,169.56030934614435,145.73672485351562,150.34189503950373,150.34189503950373,150.34189503950373
6,2,1000,[128],1e-05,128,0.2829952538013458,4.888165439789438,4.888165439789438,4.888165439789438,1.162644386291504,5.767814572279596,5.767814572279596,5.767814572279596
6,2,1000,[128],1e-05,256,0.28611886501312256,4.891289051001214,4.891289051001214,4.891289051001214,1.1655817031860352,5.770751889174127,5.770751889174127,5.770751889174127
6,2,1000,[128],1e-05,512,0.28673315048217773,4.8919033364702695,4.8919033364702695,4.8919033364702695,1.1627092361450195,5.767879422133111,5.767879422133111,5.767879422133111
6,2,1000,[128],3e-05,128,1.4029335975646973,6.008103783552789,6.008103783552789,6.008103783552789,2.2978625297546387,6.9030327157427305,6.9030327157427305,6.9030327157427305
6,2,1000,[128],3e-05,256,1.3740506172180176,5.979220803206109,5.979220803206109,5.979220803206109,2.371947765350342,6.977117951338434,6.977117951338434,6.977117951338434
6,2,1000,[128],3e-05,512,1.3666037321090698,5.971773918097162,5.971773918097162,5.971773918097162,2.4455533027648926,7.050723488752984,7.050723488752984,7.050723488752984
6,2,1000,[128],0.0001,128,9.473111152648926,14.078281338637018,14.078281338637018,14.078281338637018,11.532737731933594,16.137907917921687,16.137907917921687,16.137907917921687
6,2,1000,[128],0.0001,256,9.013580322265625,13.618750508253717,13.618750508253717,13.618750508253717,12.272873878479004,16.878044064467097,16.878044064467097,16.878044064467097
6,2,1000,[128],0.0001,512,8.106485366821289,12.71165555280938,12.71165555280938,12.71165555280938,12.98375129699707,17.588921482985164,17.588921482985164,17.588921482985164
6,2,1000,[128],0.001,128,328.8852844238281,333.4904546098162,333.4904546098162,333.4904546098162,308.30670166015625,312.9118718461443,312.9118718461443,312.9118718461443
6,2,1000,[128],0.001,256,341.56829833984375,346.1734685258318,346.1734685258318,346.1734685258318,322.6632995605469,327.26846974653495,327.26846974653495,327.26846974653495
6,2,1000,[128],0.001,512,360.458984375,365.0641545609881,365.0641545609881,365.0641545609881,331.28338623046875,335.8885564164568,335.8885564164568,335.8885564164568
6,2,1000,"[128, 128]",1e-05,128,11.481578826904297,16.08674901289239,16.08674901289239,16.08674901289239,1.8732030391693115,6.478373225157403,6.478373225157403,6.478373225157403
6,2,1000,"[128, 128]",1e-05,256,11.872285842895508,16.4774560288836,16.4774560288836,16.4774560288836,1.878781795501709,6.483951981489801,6.483951981489801,6.483951981489801
6,2,1000,"[128, 128]",1e-05,512,12.70153522491455,17.306705410902644,17.306705410902644,17.306705410902644,1.7820050716400146,6.3871752576281065,6.3871752576281065,6.3871752576281065
6,2,1000,"[128, 128]",3e-05,128,34.051185607910156,38.65635579389825,38.65635579389825,38.65635579389825,20.060041427612305,24.6652116136004,24.6652116136004,24.6652116136004
6,2,1000,"[128, 128]",3e-05,256,35.38511657714844,39.99028676313653,39.99028676313653,39.99028676313653,21.260923385620117,25.86609357160821,25.86609357160821,25.86609357160821
6,2,1000,"[128, 128]",3e-05,512,37.831573486328125,42.43674367231622,42.43674367231622,42.43674367231622,22.171741485595703,26.776911671583797,26.776911671583797,26.776911671583797
6,2,1000,"[128, 128]",0.0001,128,195.29327392578125,199.89844411176935,199.89844411176935,199.89844411176935,152.16751098632812,156.77268117231623,156.77268117231623,156.77268117231623
6,2,1000,"[128, 128]",0.0001,256,203.51693725585938,208.12210744184748,208.12210744184748,208.12210744184748,160.6284637451172,165.2336339311053,165.2336339311053,165.2336339311053
6,2,1000,"[128, 128]",0.0001,512,217.0682830810547,221.6734532670428,221.6734532670428,221.6734532670428,166.23983764648438,170.84500783247248,170.84500783247248,170.84500783247248
6,2,1000,"[128, 128]",0.001,128,37367.96875,37372.57392018599,37372.57392018599,37372.57392018599,34356.546875,34361.15204518599,34361.15204518599,34361.15204518599
6,2,1000,"[128, 128]",0.001,256,39795.171875,39799.77704518599,39799.77704518599,39799.77704518599,35816.9375,35821.54267018599,35821.54267018599,35821.54267018599
6,2,1000,"[128, 128]",0.001,512,43000.8125,43005.41767018599,43005.41767018599,43005.41767018599,37656.625,37661.23017018599,37661.23017018599,37661.23017018599
6,2,1000,[256],1e-05,128,-1.422551155090332,3.1826190308977598,3.1826190308977598,3.1826190308977598,3.4185712337493896,8.023741419737481,8.023741419737481,8.023741419737481
6,2,1000,[256],1e-05,256,-1.4422078132629395,3.1629623727251523,3.1629623727251523,3.1629623727251523,3.4694340229034424,8.074604208891534,8.074604208891534,8.074604208891534
6,2,1000,[256],1e-05,512,-1.4468600749969482,3.1583101109911436,3.1583101109911436,3.1583101109911436,3.557145118713379,8.16231530470147,8.16231530470147,8.16231530470147
6,2,1000,[256],3e-05,128,1.2201205492019653,5.825290735190057,5.825290735190057,5.825290735190057,7.980362892150879,12.58553307813897,12.58553307813897,12.58553307813897
6,2,1000,[256],3e-05,256,1.1481516361236572,5.753321822111749,5.753321822111749,5.753321822111749,8.20248794555664,12.807658131544732,12.807658131544732,12.807658131544732
6,2,1000,[256],3e-05,512,1.084967017173767,5.690137203161859,5.690137203161859,5.690137203161859,8.469472885131836,13.074643071119928,13.074643071119928,13.074643071119928
6,2,1000,[256],0.0001,128,15.265268325805664,19.870438511793758,19.870438511793758,19.870438511793758,27.383506774902344,31.988676960890437,31.988676960890437,31.988676960890437
6,2,1000,[256],0.0001,256,13.90406608581543,18.509236271803523,18.509236271803523,18.509236271803523,28.123226165771484,32.72839635175958,32.72839635175958,32.72839635175958
6,2,1000,[256],0.0001,512,11.141742706298828,15.74691289228692,15.74691289228692,15.74691289228692,28.765974044799805,33.3711442307879,33.3711442307879,33.3711442307879
6,2,1000,[256],0.001,128,636.4979248046875,641.1030949906756,641.1030949906756,641.1030949906756,605.4375,610.0426701859881,610.0426701859881,610.0426701859881
6,2,1000,[256],0.001,256,660.8407592773438,665.4459294633318,665.4459294633318,665.4459294633318,626.1958618164062,630.8010320023943,630.8010320023943,630.8010320023943
6,2,1000,[256],0.001,512,685.4834594726562,690.0886296586443,690.0886296586443,690.0886296586443,640.3103637695312,644.9155339555193,644.9155339555193,644.9155339555193
6,2,1000,"[256, 256]",1e-05,128,23.475872039794922,28.081042225783015,28.081042225783015,28.081042225783015,11.320887565612793,15.926057751600885,15.926057751600885,15.926057751600885
6,2,1000,"[256, 256]",1e-05,256,24.293983459472656,28.89915364546075,28.89915364546075,28.89915364546075,12.00344467163086,16.608614857618953,16.608614857618953,16.608614857618953
6,2,1000,"[256, 256]",1e-05,512,25.80800437927246,30.413174565260555,30.413174565260555,30.413174565260555,12.484003067016602,17.089173253004695,17.089173253004695,17.089173253004695
6,2,1000,"[256, 256]",3e-05,128,78.32433319091797,82.92950337690606,82.92950337690606,82.92950337690606,54.96731185913086,59.57248204511895,59.57248204511895,59.57248204511895
6,2,1000,"[256, 256]",3e-05,256,80.97966766357422,85.5848378495623,85.5848378495623,85.5848378495623,57.63805389404297,62.24322408003106,62.24322408003106,62.24322408003106
6,2,1000,"[256, 256]",3e-05,512,85.74740600585938,90.35257619184746,90.35257619184746,90.35257619184746,59.263526916503906,63.868697102492,63.868697102492,63.868697102492
6,2,1000,"[256, 256]",0.0001,128,552.0814819335938,556.6866521195818,556.6866521195818,556.6866521195818,433.3731384277344,437.97830861372245,437.97830861372245,437.97830861372245
6,2,1000,"[256, 256]",0.0001,256,576.9737548828125,581.5789250688006,581.5789250688006,581.5789250688006,451.1660461425781,455.7712163285662,455.7712163285662,455.7712163285662
6,2,1000,"[256, 256]",0.0001,512,610.8546142578125,615.4597844438006,615.4597844438006,615.4597844438006,469.93670654296875,474.5418767289568,474.5418767289568,474.5418767289568
6,2,1000,"[256, 256]",0.001,128,121993.0,121997.60517018598,121997.60517018598,121997.60517018598,101620.484375,101625.08954518598,101625.08954518598,101625.08954518598
6,2,1000,"[256, 256]",0.001,256,130108.734375,130113.33954518598,130113.33954518598,130113.33954518598,108341.078125,108345.68329518598,108345.68329518598,108345.68329518598
6,2,1000,"[256, 256]",0.001,512,137175.796875,137180.402045186,137180.402045186,137180.402045186,111356.390625,111360.99579518598,111360.99579518598,111360.99579518598
6,2,1000,"[512, 256]",1e-05,128,46.422943115234375,51.02811330122247,51.02811330122247,51.02811330122247,28.894683837890625,33.49985402387872,33.49985402387872,33.49985402387872
6,2,1000,"[512, 256]",1e-05,256,47.724700927734375,52.32987111372247,52.32987111372247,52.32987111372247,30.0888614654541,34.694031651442195,34.694031651442195,34.694031651442195
6,2,1000,"[512, 256]",1e-05,512,50.14817810058594,54.75334828657403,54.75334828657403,54.75334828657403,30.908658981323242,35.513829167311336,35.513829167311336,35.513829167311336
6,2,1000,"[512, 256]",3e-05,128,166.9329376220703,171.5381078080584,171.5381078080584,171.5381078080584,118.79570770263672,123.4008778886248,123.4008778886248,123.4008778886248
6,2,1000,"[512, 256]",3e-05,256,171.70787048339844,176.31304066938654,176.31304066938654,176.31304066938654,124.08324432373047,128.68841450971857,128.68841450971857,128.68841450971857
6,2,1000,"[512, 256]",3e-05,512,180.64801025390625,185.25318043989435,185.25318043989435,185.25318043989435,127.31462860107422,131.91979878706232,131.91979878706232,131.91979878706232
6,2,1000,"[512, 256]",0.0001,128,1195.61328125,1200.218451435988,1200.218451435988,1200.218451435988,943.0918579101562,947.6970280961443,947.6970280961443,947.6970280961443
6,2,1000,"[512, 256]",0.0001,256,1239.2545166015625,1243.8596867875506,1243.8596867875506,1243.8596867875506,1003.7994384765625,1008.4046086625506,1008.4046086625506,1008.4046086625506
6,2,1000,"[512, 256]",0.0001,512,1315.4749755859375,1320.0801457719256,1320.0801457719256,1320.0801457719256,1033.0758056640625,1037.6809758500506,1037.6809758500506,1037.6809758500506
6,2,1000,"[512, 256]",0.001,128,259442.453125,259447.058295186,259447.058295186,259447.058295186,226713.953125,226718.558295186,226718.558295186,226718.558295186
6,2,1000,"[512, 256]",0.001,256,280875.8125,280880.41767018597,280880.41767018597,280880.41767018597,240927.828125,240932.433295186,240932.433295186,240932.433295186
6,2,1000,"[512, 256]",0.001,512,308014.4375,308019.04267018597,308019.04267018597,308019.04267018597,251184.578125,251189.183295186,251189.183295186,251189.183295186
6,2,2000,[32],1e-05,128,0.969239354133606,5.574409540121698,5.574409540121698,5.574409540121698,-0.16909939050674438,4.436070795481347,4.436070795481347,4.436070795481347
6,2,2000,[32],1e-05,256,0.9710522890090942,5.576222474997186,5.576222474997186,5.576222474997186,-0.16781890392303467,4.437351282065057,4.437351282065057,4.437351282065057
6,2,2000,[32],1e-05,512,0.971916913986206,5.577087099974298,5.577087099974298,5.577087099974298,-0.16810765862464905,4.437062527363443,4.437062527363443,4.437062527363443
6,2,2000,[32],3e-05,128,1.574589729309082,6.179759915297174,6.179759915297174,6.179759915297174,0.6224414110183716,5.227611597006463,5.227611597006463,5.227611597006463
6,2,2000,[32],3e-05,256,1.5618431568145752,6.167013342802667,6.167013342802667,6.167013342802667,0.625690221786499,5.230860407774591,5.230860407774591,5.230860407774591
6,2,2000,[32],3e-05,512,1.5579994916915894,6.163169677679681,6.163169677679681,6.163169677679681,0.6258398294448853,5.231010015432977,5.231010015432977,5.231010015432977
6,2,2000,[32],0.0001,128,5.879418849945068,10.48458903593316,10.48458903593316,10.48458903593316,2.6553966999053955,7.260566885893487,7.260566885893487,7.260566885893487
6,2,2000,[32],0.0001,256,5.554095268249512,10.159265454237604,10.159265454237604,10.159265454237604,2.7470033168792725,7.352173502867364,7.352173502867364,7.352173502867364
6,2,2000,[32],0.0001,512,5.349211692810059,9.95438187879815,9.95438187879815,9.95438187879815,2.9686245918273926,7.573794777815484,7.573794777815484,7.573794777815484
6,2,2000,[32],0.001,128,249.8133087158203,254.4184789018084,254.4184789018084,254.4184789018084,220.77174377441406,225.37691396040216,225.37691396040216,225.37691396040216
6,2,2000,[32],0.001,256,264.6925048828125,269.2976750688006,269.2976750688006,269.2976750688006,230.41836547851562,235.02353566450373,235.02353566450373,235.02353566450373
6,2,2000,[32],0.001,512,282.2778625488281,286.8830327348162,286.8830327348162,286.8830327348162,243.70046997070312,248.30564015669123,248.30564015669123,248.30564015669123
6,2,2000,[64],1e-05,128,0.7851470708847046,5.390317256872796,5.390317256872796,5.390317256872796,0.7505114078521729,5.355681593840265,5.355681593840265,5.355681593840265
6,2,2000,[64],1e-05,256,0.78680419921875,5.391974385206842,5.391974385206842,5.391974385206842,0.7522662878036499,5.357436473791742,5.357436473791742,5.357436473791742
6,2,2000,[64],1e-05,512,0.7862508296966553,5.391421015684747,5.391421015684747,5.391421015684747,0.7532901763916016,5.358460362379693,5.358460362379693,5.358460362379693
6,2,2000,[64],3e-05,128,1.841344952583313,6.446515138571405,6.446515138571405,6.446515138571405,1.580353021621704,6.185523207609796,6.185523207609796,6.185523207609796
6,2,2000,[64],3e-05,256,1.7879538536071777,6.3931240395952695,6.3931240395952695,6.3931240395952695,1.5850732326507568,6.190243418638849,6.190243418638849,6.190243418638849
6,2,2000,[64],3e-05,512,1.7563233375549316,6.361493523543023,6.361493523543023,6.361493523543023,1.604478359222412,6.209648545210504,6.209648545210504,6.209648545210504
6,2,2000,[64],0.0001,128,11.688630104064941,16.293800290053035,16.293800290053035,16.293800290053035,9.845746994018555,14.450917180006646,14.450917180006646,14.450917180006646
6,2,2000,[64],0.0001,256,11.615863800048828,16.22103398603692,16.22103398603692,16.22103398603692,10.409323692321777,15.01449387830987,15.01449387830987,15.01449387830987
6,2,2000,[64],0.0001,512,11.419425010681152,16.024595196669246,16.024595196669246,16.024595196669246,11.362924575805664,15.968094761793756,15.968094761793756,15.968094761793756
6,2,2000,[64],0.001,128,469.8348083496094,474.43997853559745,474.43997853559745,474.43997853559745,422.9520263671875,427.5571965531756,427.5571965531756,427.5571965531756
6,2,2000,[64],0.001,256,495.4952392578125,500.1004094438006,500.1004094438006,500.1004094438006,440.4132995605469,445.01846974653495,445.01846974653495,445.01846974653495
6,2,2000,[64],0.001,512,526.78271484375,531.3878850297381,531.3878850297381,531.3878850297381,464.9624328613281,469.5676030473162,469.5676030473162,469.5676030473162
6,2,2000,[128],1e-05,128,0.9434677362442017,5.5486379222322935,5.5486379222322935,5.5486379222322935,1.6040058135986328,6.209175999586725,6.209175999586725,6.209175999586725
6,2,2000,[128],1e-05,256,0.9479331970214844,5.553103383009576,5.553103383009576,5.553103383009576,1.6183969974517822,6.223567183439874,6.223567183439874,6.223567183439874
6,2,2000,[128],1e-05,512,0.9457371234893799,5.550907309477472,5.550907309477472,5.550907309477472,1.6478023529052734,6.252972538893365,6.252972538893365,6.252972538893365
6,2,2000,[128],3e-05,128,3.60272479057312,8.207894976561212,8.207894976561212,8.207894976561212,5.564328193664551,10.169498379652643,10.169498379652643,10.169498379652643
6,2,2000,[128],3e-05,256,3.153188943862915,7.758359129851007,7.758359129851007,7.758359129851007,5.87801456451416,10.483184750502252,10.483184750502252,10.483184750502252
6,2,2000,[128],3e-05,512,2.8133227825164795,7.418492968504571,7.418492968504571,7.418492968504571,6.43745756149292,11.042627747481012,11.042627747481012,11.042627747481012
6,2,2000,[128],0.0001,128,27.04947853088379,31.654648716871883,31.654648716871883,31.654648716871883,27.891338348388672,32.496508534376765,32.496508534376765,32.496508534376765
6,2,2000,[128],0.0001,256,27.704063415527344,32.30923360151544,32.30923360151544,32.30923360151544,29.1071834564209,33.71235364240899,33.71235364240899,33.71235364240899
6,2,2000,[128],0.0001,512,28.146303176879883,32.751473362867976,32.751473362867976,32.751473362867976,30.88208770751953,35.487257893507625,35.487257893507625,35.487257893507625
6,2,2000,[128],0.001,128,1054.2921142578125,1058.8972844438006,1058.8972844438006,1058.8972844438006,972.1649169921875,976.7700871781756,976.7700871781756,976.7700871781756
6,2,2000,[128],0.001,256,1108.222412109375,1112.827582295363,1112.827582295363,1112.827582295363,1010.4274291992188,1015.0325993852068,1015.0325993852068,1015.0325993852068
6,2,2000,[128],0.001,512,1174.434326171875,1179.039496357863,1179.039496357863,1179.039496357863,1063.757568359375,1068.362738545363,1068.362738545363,1068.362738545363
6,2,2000,"[128, 128]",1e-05,128,21.451704025268555,26.05687421125665,26.05687421125665,26.05687421125665,9.676508903503418,14.28167908949151,14.28167908949151,14.28167908949151
6,2,2000,"[128, 128]",1e-05,256,22.40032958984375,27.005499775831844,27.005499775831844,27.005499775831844,10.230110168457031,14.835280354445123,14.835280354445123,14.835280354445123
6,2,2000,"[128, 128]",1e-05,512,23.863996505737305,28.4691666917254,28.4691666917254,28.4691666917254,10.936161041259766,15.541331227247857,15.541331227247857,15.541331227247857
6,2,2000,"[128, 128]",3e-05,128,81.27326202392578,85.87843220991387,85.87843220991387,85.87843220991387,58.13228988647461,62.7374600724627,62.7374600724627,62.7374600724627
6,2,2000,"[128, 128]",3e-05,256,85.33972930908203,89.94489949507012,89.94489949507012,89.94489949507012,60.77410888671875,65.37927907270684,65.37927907270684,65.37927907270684
6,2,2000,"[128, 128]",3e-05,512,91.2274169921875,95.83258717817559,95.83258717817559,95.83258717817559,64.50568389892578,69.11085408491387,69.11085408491387,69.11085408491387
6,2,2000,"[128, 128]",0.0001,128,686.389404296875,690.9945744828631,690.9945744828631,690.9945744828631,566.5830688476562,571.1882390336443,571.1882390336443,571.1882390336443
6,2,2000,"[128, 128]",0.0001,256,726.9281616210938,731.5333318070818,731.5333318070818,731.5333318070818,594.5036010742188,599.1087712602068,599.1087712602068,599.1087712602068
6,2,2000,"[128, 128]",0.0001,512,778.4804077148438,783.0855779008318,783.0855779008318,783.0855779008318,632.8085327148438,637.4137029008318,637.4137029008318,637.4137029008318
6,2,2000,"[128, 128]",0.001,128,220764.328125,220768.933295186,220768.933295186,220768.933295186,209730.328125,209734.933295186,209734.933295186,209734.933295186
6,2,2000,"[128, 128]",0.001,256,239230.875,239235.480170186,239235.480170186,239235.480170186,217344.953125,217349.558295186,217349.558295186,217349.558295186
6,2,2000,"[128, 128]",0.001,512,259032.734375,259037.339545186,259037.339545186,259037.339545186,231615.578125,231620.183295186,231620.183295186,231620.183295186
6,2,2000,[256],1e-05,128,0.43470299243927,5.039873178427362,5.039873178427362,5.039873178427362,5.485485553741455,10.090655739729547,10.090655739729547,10.090655739729547
6,2,2000,[256],1e-05,256,0.3846477270126343,4.989817913000726,4.989817913000726,4.989817913000726,5.596896648406982,10.202066834395074,10.202066834395074,10.202066834395074
6,2,2000,[256],1e-05,512,0.3223096430301666,4.927479829018258,4.927479829018258,4.927479829018258,5.8746771812438965,10.479847367231988,10.479847367231988,10.479847367231988
6,2,2000,[256],3e-05,128,5.073697090148926,9.678867276137018,9.678867276137018,9.678867276137018,15.642932891845703,20.248103077833797,20.248103077833797,20.248103077833797
6,2,2000,[256],3e-05,256,3.8468685150146484,8.45203870100274,8.45203870100274,8.45203870100274,16.024381637573242,20.629551823561336,20.629551823561336,20.629551823561336
6,2,2000,[256],3e-05,512,2.9629626274108887,7.5681328133989805,7.5681328133989805,7.5681328133989805,16.735097885131836,21.34026807111993,21.34026807111993,21.34026807111993
6,2,2000,[256],0.0001,128,48.93009567260742,53.535265858595515,53.535265858595515,53.535265858595515,59.25149154663086,63.85666173261895,63.85666173261895,63.85666173261895
6,2,2000,[256],0.0001,256,48.874088287353516,53.47925847334161,53.47925847334161,53.47925847334161,60.68201446533203,65.28718465132012,65.28718465132012,65.28718465132012
6,2,2000,[256],0.0001,512,47.10589599609375,51.711066182081844,51.711066182081844,51.711066182081844,63.09168243408203,67.69685262007012,67.69685262007012,67.69685262007012
6,2,2000,[256],0.001,128,2063.41455078125,2068.0197209672383,2068.0197209672383,2068.0197209672383,1892.781494140625,1897.386664326613,1897.386664326613,1897.386664326613
6,2,2000,[256],0.001,256,2169.695068359375,2174.3002385453633,2174.3002385453633,2174.3002385453633,1958.430908203125,1963.036078389113,1963.036078389113,1963.036078389113
6,2,2000,[256],0.001,512,2281.150390625,2285.7555608109883,2285.7555608109883,2285.7555608109883,2058.595458984375,2063.2006291703633,2063.2006291703633,2063.2006291703633
6,2,2000,"[256, 256]",1e-05,128,46.57740020751953,51.182570393507625,51.182570393507625,51.182570393507625,30.272119522094727,34.87728970808282,34.87728970808282,34.87728970808282
6,2,2000,"[256, 256]",1e-05,256,48.506996154785156,53.11216634077325,53.11216634077325,53.11216634077325,31.476463317871094,36.08163350385919,36.08163350385919,36.08163350385919
6,2,2000,"[256, 256]",1e-05,512,51.39729690551758,56.00246709150567,56.00246709150567,56.00246709150567,33.13753128051758,37.74270146650567,37.74270146650567,37.74270146650567
6,2,2000,"[256, 256]",3e-05,128,209.4638671875,214.0690373734881,214.0690373734881,214.0690373734881,156.98779296875,161.5929631547381,161.5929631547381,161.5929631547381
6,2,2000,"[256, 256]",3e-05,256,219.5275115966797,224.1326817826678,224.1326817826678,224.1326817826678,163.66098022460938,168.26615041059748,168.26615041059748,168.26615041059748
6,2,2000,"[256, 256]",3e-05,512,233.3867645263672,237.9919347123553,237.9919347123553,237.9919347123553,172.64901733398438,177.25418751997248,177.25418751997248,177.25418751997248
6,2,2000,"[256, 256]",0.0001,128,2067.709716796875,2072.3148869828633,2072.3148869828633,2072.3148869828633,1658.404541015625,1663.009711201613,1663.009711201613,1663.009711201613
6,2,2000,"[256, 256]",0.0001,256,2222.67529296875,2227.2804631547383,2227.2804631547383,2227.2804631547383,1709.949951171875,1714.555121357863,1714.555121357863,1714.555121357863
6,2,2000,"[256, 256]",0.0001,512,2341.681640625,2346.2868108109883,2346.2868108109883,2346.2868108109883,1865.695068359375,1870.300238545363,1870.300238545363,1870.300238545363
6,2,2000,"[256, 256]",0.001,128,725571.75,725576.355170186,725576.355170186,725576.355170186,606711.6875,606716.292670186,606716.292670186,606716.292670186
6,2,2000,"[256, 256]",0.001,256,796800.5625,796805.167670186,796805.167670186,796805.167670186,644062.6875,644067.292670186,644067.292670186,644067.292670186
6,2,2000,"[256, 256]",0.001,512,836723.5,836728.105170186,836728.105170186,836728.105170186,684219.6875,684224.292670186,684224.292670186,684224.292670186
6,2,2000,"[512, 256]",1e-05,128,96.02991485595703,100.63508504194512,100.63508504194512,100.63508504194512,65.31044006347656,69.91561024946465,69.91561024946465,69.91561024946465
6,2,2000,"[512, 256]",1e-05,256,99.61906433105469,104.22423451704277,104.22423451704277,104.22423451704277,67.54055786132812,72.14572804731621,72.14572804731621,72.14572804731621
6,2,2000,"[512, 256]",1e-05,512,104.91856384277344,109.52373402876152,109.52373402876152,109.52373402876152,70.6309814453125,75.23615163130059,75.23615163130059,75.23615163130059
6,2,2000,"[512, 256]",3e-05,128,455.2096252441406,459.8147954301287,459.8147954301287,459.8147954301287,341.29571533203125,345.9008855180193,345.9008855180193,345.9008855180193
6,2,2000,"[512, 256]",3e-05,256,475.35809326171875,479.9632634477068,479.9632634477068,479.9632634477068,357.46392822265625,362.0690984086443,362.0690984086443,362.0690984086443
6,2,2000,"[512, 256]",3e-05,512,502.6885986328125,507.2937688188006,507.2937688188006,507.2937688188006,377.0586853027344,381.66385548872245,381.66385548872245,381.66385548872245
6,2,2000,"[512, 256]",0.0001,128,4502.99365234375,4507.598822529738,4507.598822529738,4507.598822529738,3625.232177734375,3629.8373479203633,3629.8373479203633,3629.8373479203633
6,2,2000,"[512, 256]",0.0001,256,4764.0537109375,4768.658881123488,4768.658881123488,4768.658881123488,3882.489990234375,3887.0951604203633,3887.0951604203633,3887.0951604203633
6,2,2000,"[512, 256]",0.0001,512,5092.890625,5097.495795185988,5097.495795185988,5097.495795185988,4122.1943359375,4126.799506123488,4126.799506123488,4126.799506123488
6,2,2000,"[512, 256]",0.001,128,1557723.0,1557727.605170186,1557727.605170186,1557727.605170186,1364177.5,1364182.105170186,1364182.105170186,1364182.105170186
6,2,2000,"[512, 256]",0.001,256,1712303.0,1712307.605170186,1712307.605170186,1712307.605170186,1453511.5,1453516.105170186,1453516.105170186,1453516.105170186
6,2,2000,"[512, 256]",0.001,512,1904504.75,1904509.355170186,1904509.355170186,1904509.355170186,1541504.0,1541508.605170186,1541508.605170186,1541508.605170186
6,2,5000,[32],1e-05,128,1.4465450048446655,6.051715190832757,6.051715190832757,6.051715190832757,0.47410106658935547,5.079271252577447,5.079271252577447,5.079271252577447
6,2,5000,[32],1e-05,256,1.4452471733093262,6.050417359297418,6.050417359297418,6.050417359297418,0.47607749700546265,5.0812476829935544,5.0812476829935544,5.0812476829935544
6,2,5000,[32],1e-05,512,1.4534435272216797,6.0586137132097715,6.0586137132097715,6.0586137132097715,0.47660720348358154,5.081777389471673,5.081777389471673,5.081777389471673
6,2,5000,[32],3e-05,128,3.663015365600586,8.268185551588678,8.268185551588678,8.268185551588678,1.7096889019012451,6.314859087889337,6.314859087889337,6.314859087889337
6,2,5000,[32],3e-05,256,3.5027458667755127,8.107916052763604,8.107916052763604,8.107916052763604,1.7361485958099365,6.341318781798028,6.341318781798028,6.341318781798028
6,2,5000,[32],3e-05,512,3.3982527256011963,8.003422911589288,8.003422911589288,8.003422911589288,1.7770898342132568,6.382260020201349,6.382260020201349,6.382260020201349
6,2,5000,[32],0.0001,128,22.238431930541992,26.843602116530086,26.843602116530086,26.843602116530086,16.668066024780273,21.273236210768367,21.273236210768367,21.273236210768367
6,2,5000,[32],0.0001,256,22.78908348083496,27.394253666823055,27.394253666823055,27.394253666823055,17.53457260131836,22.139742787306453,22.139742787306453,22.139742787306453
6,2,5000,[32],0.0001,512,23.66710662841797,28.272276814406062,28.272276814406062,28.272276814406062,18.735145568847656,23.34031575483575,23.34031575483575,23.34031575483575
6,2,5000,[32],0.001,128,1157.0640869140625,1161.6692571000506,1161.6692571000506,1161.6692571000506,1036.4259033203125,1041.0310735063006,1041.0310735063006,1041.0310735063006
6,2,5000,[32],0.001,256,1214.2471923828125,1218.8523625688006,1218.8523625688006,1218.8523625688006,1079.199462890625,1083.804633076613,1083.804633076613,1083.804633076613
6,2,5000,[32],0.001,512,1282.3201904296875,1286.9253606156756,1286.9253606156756,1286.9253606156756,1131.162353515625,1135.767523701613,1135.767523701613,1135.767523701613
6,2,5000,[64],1e-05,128,1.6543998718261719,6.259570057814264,6.259570057814264,6.259570057814264,1.4064221382141113,6.011592324202203,6.011592324202203,6.011592324202203
6,2,5000,[64],1e-05,256,1.6301966905593872,6.235366876547479,6.235366876547479,6.235366876547479,1.414517879486084,6.019688065474176,6.019688065474176,6.019688065474176
6,2,5000,[64],1e-05,512,1.6296154260635376,6.234785612051629,6.234785612051629,6.234785612051629,1.426053524017334,6.031223710005426,6.031223710005426,6.031223710005426
6,2,5000,[64],3e-05,128,7.115957736968994,11.721127922957086,11.721127922957086,11.721127922957086,5.717843055725098,10.32301324171319,10.32301324171319,10.32301324171319
6,2,5000,[64],3e-05,256,6.970192909240723,11.575363095228814,11.575363095228814,11.575363095228814,5.992386817932129,10.59755700392022,10.59755700392022,10.59755700392022
6,2,5000,[64],3e-05,512,6.847867488861084,11.453037674849176,11.453037674849176,11.453037674849176,6.495270252227783,11.100440438215875,11.100440438215875,11.100440438215875
6,2,5000,[64],0.0001,128,42.513023376464844,47.11819356245294,47.11819356245294,47.11819356245294,38.037757873535156,42.64292805952325,42.64292805952325,42.64292805952325
6,2,5000,[64],0.0001,256,43.75634002685547,48.36151021284356,48.36151021284356,48.36151021284356,39.681182861328125,44.28635304731622,44.28635304731622,44.28635304731622
6,2,5000,[64],0.0001,512,45.176822662353516,49.78199284834161,49.78199284834161,49.78199284834161,41.866825103759766,46.47199528974786,46.47199528974786,46.47199528974786
6,2,5000,[64],0.001,128,2203.8193359375,2208.4245061234883,2208.4245061234883,2208.4245061234883,1984.469970703125,1989.075140889113,1989.075140889113,1989.075140889113
6,2,5000,[64],0.001,256,2308.7060546875,2313.3112248734883,2313.3112248734883,2313.3112248734883,2064.885498046875,2069.4906682328633,2069.4906682328633,2069.4906682328633
6,2,5000,[64],0.001,512,2435.19873046875,2439.8039006547383,2439.8039006547383,2439.8039006547383,2163.111083984375,2167.7162541703633,2167.7162541703633,2167.7162541703633
6,2,5000,[128],1e-05,128,2.9788589477539062,7.584029133741998,7.584029133741998,7.584029133741998,4.1074981689453125,8.712668354933404,8.712668354933404,8.712668354933404
6,2,5000,[128],1e-05,256,2.76591157913208,7.371081765120172,7.371081765120172,7.371081765120172,4.298539161682129,8.90370934767022,8.90370934767022,8.90370934767022
6,2,5000,[128],1e-05,512,2.6094818115234375,7.214651997511529,7.214651997511529,7.214651997511529,4.6465654373168945,9.251735623304986,9.251735623304986,9.251735623304986
6,2,5000,[128],3e-05,128,17.38542938232422,21.990599568312312,21.990599568312312,21.990599568312312,18.2681827545166,22.873352940504695,22.873352940504695,22.873352940504695
6,2,5000,[128],3e-05,256,17.497215270996094,22.102385456984187,22.102385456984187,22.102385456984187,19.061328887939453,23.666499073927547,23.666499073927547,23.666499073927547
6,2,5000,[128],3e-05,512,17.53377914428711,22.138949330275203,22.138949330275203,22.138949330275203,20.14214324951172,24.747313435499812,24.747313435499812,24.747313435499812
6,2,5000,[128],0.0001,128,94.64665985107422,99.2518300370623,99.2518300370623,99.2518300370623,91.99836730957031,96.6035374955584,96.6035374955584,96.6035374955584
6,2,5000,[128],0.0001,256,97.80115509033203,102.40632527632012,102.40632527632012,102.40632527632012,95.3926010131836,99.99777119917168,99.99777119917168,99.99777119917168
6,2,5000,[128],0.0001,512,101.26033782958984,105.86550801557793,105.86550801557793,105.86550801557793,99.71601104736328,104.32118123335137,104.32118123335137,104.32118123335137
6,2,5000,[128],0.001,128,4992.60009765625,4997.205267842238,4997.205267842238,4997.205267842238,4580.8505859375,4585.455756123488,4585.455756123488,4585.455756123488
6,2,5000,[128],0.001,256,5223.8095703125,5228.414740498488,5228.414740498488,5228.414740498488,4763.7939453125,4768.399115498488,4768.399115498488,4768.399115498488
6,2,5000,[128],0.001,512,5503.1669921875,5507.772162373488,5507.772162373488,5507.772162373488,4985.9599609375,4990.565131123488,4990.565131123488,4990.565131123488
6,2,5000,"[128, 128]",1e-05,128,58.649662017822266,63.25483220381036,63.25483220381036,63.25483220381036,40.01070785522461,44.6158780412127,44.6158780412127,44.6158780412127
6,2,5000,"[128, 128]",1e-05,256,61.11001968383789,65.71518986982598,65.71518986982598,65.71518986982598,41.73685073852539,46.342020924513484,46.342020924513484,46.342020924513484
6,2,5000,"[128, 128]",1e-05,512,64.49879455566406,69.10396474165215,69.10396474165215,69.10396474165215,43.65007019042969,48.25524037641778,48.25524037641778,48.25524037641778
